,algae,daphnia
1,0.05376,1.08198
2,0.06506,1.13836
3,0.08217,1.26388
4,0.11031,1.43258
5,0.16061,1.45699
6,0.64414,1.51296
